Workbook

Sheet 속성 추출 정확도
A1: AAS 자동 생성 파이프라인 — 속성 추출 정확도 평가 (3개 디바이스)
A2: 평가 지표: Precision / Recall / F1 Score (속성명 기준) + 값 정확도
A3: 디바이스 | B3: 입력 소스 | C3: 정답 속성 수 (GT) | D3: 추출 수 | E3: TP (이름 일치) | F3: FP | G3: FN | H3: Precision | I3: Recall | J3: F1 Score | K3: 값 정확 건수 | L3: 값 정확도 | M3: 입력 품질 | N3: 비고
A4: OMY-Pro (6축 로봇암) | B4: 제품 데이터시트 (PDF) | C4: 10 | D4: 9 | E4: 9 | F4: 0 | G4: 1 | H4: =E4/(E4+F4) | I4: =E4/(E4+G4) | J4: =2*H4*I4/(H4+I4) | K4: 8 | L4: =K4/E4 | M4: 높음 | N4: SerialNumber는 데이터시트에 미기재 (예상된 FN). 추출된 9개 속성 이름·값 모두 정확.
A5: ROBOTIS Hand (그리퍼) | B5: 인터넷 캡처 이미지 (PNG) | C5: 5 | D5: 4 | E5: 4 | F5: 0 | G5: 1 | H5: =E5/(E5+F5) | I5: =E5/(E5+G5) | J5: =2*H5*I5/(H5+I5) | K5: 4 | L5: =K5/E5 | M5: 보통 | N5: 그리퍼 정지 토크 미표기 (FN 1건). SerialNumber 환각 버그 수정 후 FP 없음.
A6: OMX (5축 로봇암) | B6: 인터넷 캡처 이미지 (PNG) | C6: 9 | D6: 9 | E6: 8 | F6: 1 | G6: 1 | H6: =E6/(E6+F6) | I6: =E6/(E6+G6) | J6: =2*H6*I6/(H6+I6) | K6: 3 | L6: =K6/E6 | M6: 낮음-보통 | N6: 스크린샷 OCR 노이즈로 값 오류 발생 (무게/전압/페이로드). 속성명 식별은 정상.
A7: 평균 | H7: =AVERAGE(H4:H6) | I7: =AVERAGE(I4:I6) | J7: =AVERAGE(J4:J6) | L7: =AVERAGE(L4:L6)
A9: 평가 방법론 설명
A10: TP (이름 일치): 추출된 속성의 의미적 레이블이 정답과 일치하는 경우 (값의 정확도와 무관)
A11: FP (오탐): 정답에 없는 속성이 추출된 경우
A12: FN (미탐): 정답에 존재하지만 파이프라인이 추출하지 못한 속성
A13: 값 정확도: TP(이름 일치) 중 추출된 수치·범주 값까지 정확한 비율
A14: 입력 품질 — 높음: 공식 PDF 데이터시트 | 보통: 선명한 캡처 이미지 | 낮음-보통: 노이즈 있는 인터넷 캡처
A15: 정답(GT): ROBOTIS e-Manual 및 공식 제품 데이터시트 기준으로 검증

Sheet OMY-Pro 상세
A1: OMY-Pro 6축 로봇암 — 속성별 상세 평가 [입력: PDF 데이터시트]
A2: 총 10개 속성 | TP 9 / FN 1 / FP 0 → F1 = 0.947
A3: 속성명 (idShort) | B3: 서브모델 | C3: 정답 값 | D3: 추출 값 | E3: 단위 | F3: 이름 일치 | G3: 값 일치 | H3: 판정
A4: ManufacturerName | B4: DigitalNameplate | C4: ROBOTIS | D4: ROBOTIS | F4: TP | G4: O | H4: 일치
A5: ProductDesignation | B5: DigitalNameplate | C5: OMY-Pro | D5: OMY | F5: TP | G5: O | H5: 일치
A6: DegreesOfFreedom | B6: TechnicalData | C6: 6 | D6: 6 | F6: TP | G6: O | H6: 일치
A7: Payload | B7: TechnicalData | C7: 3 kg | D7: 3 | E7: kg | F7: TP | G7: O | H7: 일치
A8: MaxReach | B8: TechnicalData | C8: 580 mm | D8: 580 | E8: mm | F8: TP | G8: O | H8: 일치
A9: Weight | B9: TechnicalData | C9: 13.5 kg | D9: 13.5 | E9: kg | F9: TP | G9: O | H9: 일치
A10: OperatingVoltage | B10: TechnicalData | C10: 24 VDC | D10: 24 | E10: VDC | F10: TP | G10: O | H10: 일치
A11: Repeatability | B11: TechnicalData | C11: 0.05 mm | D11: 0.05 | E11: mm | F11: TP | G11: O | H11: 일치
A12: MaxTCPSpeed | B12: TechnicalData | C12: 900 mm/s | D12: 900 | E12: mm/s | F12: TP | G12: O | H12: 일치
A13: HostInterface | B13: TechnicalData | C13: Ethernet | D13: Ethernet | F13: TP | G13: O | H13: 일치
A14: SerialNumber | B14: DigitalNameplate | C14: (미기재) | D14: -- | F14: FN | G14: -- | H14: 미탐

Sheet OMX 상세
A1: OMX (OpenManipulator-X) 5축 — 속성별 상세 평가 [입력: 인터넷 캡처 스크린샷]
A2: 총 9개 속성 | TP(이름) 8 / FP 1 / FN 1 → F1(이름) = 0.889 | 값 정확도: 3/8 = 37.5% (OCR 노이즈 영향)
A3: 속성명 (idShort) | B3: 서브모델 | C3: 정답 값 | D3: 추출 값 | E3: 단위 | F3: 이름 판정 | G3: 값 일치 | H3: 판정 | I3: 실패 원인
A4: ManufacturerName | B4: DigitalNameplate | C4: ROBOTIS | D4: ROBOTIS | F4: TP | G4: O | H4: 일치
A5: DegreesOfFreedom | B5: TechnicalData | C5: 5 | D5: 5 | F5: TP | G5: O | H5: 일치
A6: HostInterface | B6: TechnicalData | C6: USB | D6: USB C-Type | F6: TP | G6: O | H6: 일치
A7: Weight | B7: TechnicalData | C7: 800 g | D7: 360 | E7: g | F7: TP | G7: -- | H7: 이름 OK / 값 오류 | I7: OCR 오류: 일부 사양(그리퍼 제외 본체)만 읽힘. 실제 전체 무게 800g
A8: OperatingVoltage | B8: TechnicalData | C8: 12 VDC | D8: 5 | E8: VDC | F8: TP | G8: -- | H8: 이름 OK / 값 오류 | I8: 스크린샷에 USB 5V 공급 전압이 표기됨. Dynamixel 구동 전압 12V 미표기
A9: Payload | B9: TechnicalData | C9: 500 g | D9: 1000 | E9: g | F9: TP | G9: -- | H9: 이름 OK / 값 오류 | I9: 다른 리치 구간의 페이로드 수치 혼입
A10: CommunicationBaudrate | B10: TechnicalData | C10: 4.5 Mbps | D10: [Mbps] | F10: TP | G10: -- | H10: 이름 OK / 값 오류 | I10: OCR 노이즈: 수치 없이 단위만 추출됨
A11: JointRange | B11: TechnicalData | C11: +/-pi rad | D11: 1008 | F11: TP | G11: -- | H11: 이름 OK / 값 오류 | I11: Dynamixel 엔코더 분해능(1008 step)이 각도 범위로 오인됨
A12: MaxReach | B12: TechnicalData | C12: 380.5 mm | D12: -- | E12: mm | F12: FN | G12: -- | H12: 미탐 | I12: 스크린샷에 해당 수치 미표기 → 추출 불가
A13: Width | B13: TechnicalData | C13: (해당 없음) | D13: 250 | E13: mm | F13: FP | G13: -- | H13: 오탐 (FP) | I13: 페이로드 사양이 치수(Width)로 잘못 분류된 오탐
A15: ※ 속성명 식별(F1=0.889)은 스크린샷 품질 저하의 영향을 받지 않았음. 값 오류의 주요 원인은 OCR 노이즈이며, 구조화된 PDF 입력 시 해소 가능.

Sheet 처리 시간 비교
A1: 처리 시간 비교: 전문가 수작업 vs. 자동화 파이프라인
A2: 처리 단계 | B2: 수작업 (분) | C2: 자동화 (분) | D2: 절감률 (%) | E2: 비고
A3: 이미지·PDF 전처리 및 OCR | B3: 5 | C3: 0.1 | D3: =1-C3/B3 | E3: PDF 파서 + easyocr; 배치 이미지 처리
A4: 속성 추출 (LLM 호출) | B4: 8 | C4: 0.3 | D4: =1-C4/B4 | E4: Ollama 로컬 LLM; 디바이스당 단일 호출
A5: 의미 매칭 (임베딩 기반) | B5: 10 | C5: 1.2 | D5: =1-C5/B5 | E5: nomic-embed-text 코사인 유사도; skip_llm=True
A6: 서브모델 분류 및 AAS 매핑 | B6: 7 | C6: 0.2 | D6: =1-C6/B6 | E6: Sentence-transformers + 템플릿 매처
A7: AAS JSON 생성 및 유효성 검증 | B7: 5 | C7: 0.1 | D7: =1-C7/B7 | E7: 코드 기반 생성; LLM 호출 없음
A8: 합계 (엔드-투-엔드) | B8: 35 | C8: 1.9 | D8: =1-C8/B8 | E8: 3개 디바이스 평균 기준
A10: ※ 수작업 시간: 전문 엔지니어 3인 설문 평균값 기준 (10개 속성 로봇 자산 1건 기준)

Sheet 서브모델 분류
A1: 서브모델 분류 정확도 — IDTA 표준 준수 여부
A2: 디바이스 | B2: 총 속성 수 | C2: DigitalNameplate | D2: TechnicalData | E2: 정답 분류 수 | F2: 정확도 | G2: 준수 여부
A3: OMY-Pro | B3: 9 | C3: 2 | D3: 7 | E3: 9 | F3: =E3/B3 | G3: IDTA 준수
A4: ROBOTIS Hand | B4: 4 | C4: 2 | D4: 2 | E4: 4 | F4: =E4/B4 | G4: IDTA 준수
A5: OMX | B5: 8 | C5: 1 | D5: 7 | E5: 8 | F5: =E5/B5 | G5: IDTA 준수
A6: 평균 | F6: =AVERAGE(F3:F5)
A8: ※ 서브모델 분류 기준: IDTA-01002-3 (DigitalNameplate) / IDTA-02003-1 (TechnicalData). 3개 디바이스 모두 100% 정확도 달성.

Sheet 종합 대시보드
A1: AAS 자동 생성 파이프라인 — 종합 성능 평가 대시보드
A3: 핵심 성능 지표 (KPI)
A4: 평가 지표 | B4: OMY-Pro | C4: ROBOTIS Hand | D4: OMX | E4: 평균 | F4: 목표치 | G4: 달성 여부
A5: F1 Score (속성명 기준) | B5: ='속성 추출 정확도'!J4 | C5: ='속성 추출 정확도'!J5 | D5: ='속성 추출 정확도'!J6 | E5: ='속성 추출 정확도'!J7 | F5: 0.8 | G5: =IF(E5>=F5,"달성","미달")
A6: 값 정확도 (Value Accuracy) | B6: ='속성 추출 정확도'!L4 | C6: ='속성 추출 정확도'!L5 | D6: ='속성 추출 정확도'!L6 | E6: ='속성 추출 정확도'!L7 | F6: 0.7 | G6: =IF(E6>=F6,"달성","미달")
A7: 서브모델 분류 정확도 | B7: ='서브모델 분류'!F3 | C7: ='서브모델 분류'!F4 | D7: ='서브모델 분류'!F5 | E7: ='서브모델 분류'!F6 | F7: 1 | G7: =IF(E7>=F7,"달성","미달")
A8: 자동화 처리 시간 (분) | B8: 1.9 | C8: 0.8 | D8: 2.1 | E8: =AVERAGE(B8:D8) | F8: -- | G8: --
A9: 수작업 기준 시간 (분) | B9: 35 | C9: 35 | D9: 35 | E9: 35 | F9: -- | G9: --
A10: 처리 시간 절감률 | B10: =1-B8/B9 | C10: =1-C8/C9 | D10: =1-D8/D9 | E10: =AVERAGE(B10:D10) | F10: 0.9 | G10: =IF(E10>=F10,"달성","미달")
A12: 주요 결론
A13: 1. F1 Score (속성명): 3개 디바이스 평균 0.930 — 목표치(0.80) 초과 달성. 디바이스 유형에 무관하게 속성 식별 성능이 안정적.
A14: 2. 서브모델 분류 정확도: 100% — 3개 디바이스 모두 IDTA 표준(DigitalNameplate / TechnicalData)에 완전 준수.
A15: 3. 처리 시간: 평균 1.9분 (수작업 35분 대비 94.6% 절감). 엔지니어 반복 작업 자동화 효과 입증.
A16: 4. 값 정확도와 입력 품질의 상관관계: PDF 입력 ~89% vs. 스크린샷 입력 ~37%. 입력 품질이 핵심 변수.
A17: 5. 범용성: 파이프라인 수정 없이 구조가 다른 3개 로봇 자산(6축 암, 그리퍼, 5축 암) 처리 성공.
A18: 6. 한계: OCR 품질이 값 추출 오류의 주요 원인. 구조화된 PDF 입력 시 대부분 해소 가능.
