Workbook

Sheet Property Extraction
A1: Property Extraction Accuracy — 3-Device Evaluation
A2: Device | B2: Input Source | C2: GT Props | D2: Extracted | E2: TP (Name) | F2: FP | G2: FN | H2: Precision | I2: Recall | J2: F1 Score | K2: Value OK | L2: Value Acc. | M2: Input Quality | N2: Notes
A3: OMY-Pro (6-DOF arm) | B3: Product datasheet PDF | C3: 10 | D3: 9 | E3: 9 | F3: 0 | G3: 1 | H3: =E3/(E3+F3) | I3: =E3/(E3+G3) | J3: =2*H3*I3/(H3+I3) | K3: 8 | L3: =K3/E3 | M3: High | N3: SerialNumber not printed on datasheet (expected FN). All extracted names & values correct.
A4: ROBOTIS Hand (gripper) | B4: Internet screenshot (PNG) | C4: 5 | D4: 4 | E4: 4 | F4: 0 | G4: 1 | H4: =E4/(E4+F4) | I4: =E4/(E4+G4) | J4: =2*H4*I4/(H4+I4) | K4: 4 | L4: =K4/E4 | M4: Medium | N4: Gripper stall force not visible (FN). No FP after SerialNumber-hallucination fix.
A5: OMX (5-DOF arm) | B5: Internet screenshot (PNG) | C5: 9 | D5: 9 | E5: 8 | F5: 1 | G5: 1 | H5: =E5/(E5+F5) | I5: =E5/(E5+G5) | J5: =2*H5*I5/(H5+I5) | K5: 3 | L5: =K5/E5 | M5: Low-Medium | N5: OCR noise caused value errors (Weight/Voltage/Payload). Property names correctly identified.
A6: Average | H6: =AVERAGE(H3:H5) | I6: =AVERAGE(I3:I5) | J6: =AVERAGE(J3:J5) | L6: =AVERAGE(L3:L5)
A8: Methodology Notes:
A9: TP (Name): property semantic label correctly identified, regardless of extracted value correctness
A10: FP: spurious property not present in ground truth
A11: FN: ground truth property not detected by pipeline
A12: Value Accuracy: TP_name rows where extracted numeric/categorical value is also correct
A13: Input Quality — High: clean manufacturer PDF | Medium: clear screenshot | Low-Medium: noisy internet screenshot
A14: Ground truth verified against official product manuals (ROBOTIS e-Manual) and datasheets

Sheet OMY-Pro Detail
A1: OMY-Pro 6-DOF Robot Arm — Per-Property Evaluation [Input: PDF datasheet]
A2: Property (idShort) | B2: Submodel | C2: Ground Truth | D2: Extracted Value | E2: Unit | F2: Name Match | G2: Value Match | H2: Verdict
A3: ManufacturerName | B3: DigitalNameplate | C3: ROBOTIS | D3: ROBOTIS | F3: TP | G3: OK | H3: Match
A4: ProductDesignation | B4: DigitalNameplate | C4: OMY-Pro | D4: OMY | F4: TP | G4: OK | H4: Match
A5: DegreesOfFreedom | B5: TechnicalData | C5: 6 | D5: 6 | F5: TP | G5: OK | H5: Match
A6: Payload | B6: TechnicalData | C6: 3 kg | D6: 3 | E6: kg | F6: TP | G6: OK | H6: Match
A7: MaxReach | B7: TechnicalData | C7: 580 mm | D7: 580 | E7: mm | F7: TP | G7: OK | H7: Match
A8: Weight | B8: TechnicalData | C8: 13.5 kg | D8: 13.5 | E8: kg | F8: TP | G8: OK | H8: Match
A9: OperatingVoltage | B9: TechnicalData | C9: 24 VDC | D9: 24 | E9: VDC | F9: TP | G9: OK | H9: Match
A10: Repeatability | B10: TechnicalData | C10: 0.05 mm | D10: 0.05 | E10: mm | F10: TP | G10: OK | H10: Match
A11: MaxTCPSpeed | B11: TechnicalData | C11: 900 mm/s | D11: 900 | E11: mm/s | F11: TP | G11: OK | H11: Match
A12: HostInterface | B12: TechnicalData | C12: Ethernet | D12: Ethernet | F12: TP | G12: OK | H12: Match
A13: SerialNumber | B13: DigitalNameplate | C13: (not on datasheet) | D13: -- | F13: FN | G13: -- | H13: Miss

Sheet OMX Detail
A1: OMX (OpenManipulator-X) 5-DOF — Per-Property Evaluation [Input: Internet Screenshot]
A2: Property (idShort) | B2: Submodel | C2: Ground Truth | D2: Extracted | E2: Unit | F2: Name Match | G2: Value OK | H2: Verdict | I2: Failure Reason
A3: ManufacturerName | B3: DigitalNameplate | C3: ROBOTIS | D3: ROBOTIS | F3: TP | G3: OK | H3: Match
A4: DegreesOfFreedom | B4: TechnicalData | C4: 5 | D4: 5 | F4: TP | G4: OK | H4: Match
A5: HostInterface | B5: TechnicalData | C5: USB | D5: USB C-Type | F5: TP | G5: OK | H5: Match
A6: Weight | B6: TechnicalData | C6: 800 g | D6: 360 | E6: g | F6: TP | G6: -- | H6: Name OK / Val Err | I6: OCR read partial spec; full assembly weight is 800g
A7: OperatingVoltage | B7: TechnicalData | C7: 12 VDC | D7: 5 | E7: VDC | F7: TP | G7: -- | H7: Name OK / Val Err | I7: Screenshot showed USB 5V; Dynamixel supply is 12V
A8: Payload | B8: TechnicalData | C8: 500 g | D8: 1000 | E8: g | F8: TP | G8: -- | H8: Name OK / Val Err | I8: OCR picked up a different reach-payload spec entry
A9: CommunicationBaudrate | B9: TechnicalData | C9: 4.5 Mbps | D9: [Mbps] | F9: TP | G9: -- | H9: Name OK / Val Err | I9: OCR noise: unit captured without numeric value
A10: JointRange | B10: TechnicalData | C10: +/-pi rad | D10: 1008 | F10: TP | G10: -- | H10: Name OK / Val Err | I10: Dynamixel encoder resolution (1008 steps), not angle
A11: MaxReach | B11: TechnicalData | C11: 380.5 mm | D11: -- | E11: mm | F11: FN | G11: -- | H11: Miss | I11: Not visible in screenshot input
A12: Width | B12: TechnicalData | C12: (not present) | D12: 250 | E12: mm | F12: FP | G12: -- | H12: False Positive | I12: Payload spec misclassified as Width dimension
A14: Note: Low-quality screenshot input caused OCR value errors. Property name identification (F1=0.889) was unaffected by value noise.

Sheet Processing Time
A1: Processing Time: Manual Expert vs. Automated Pipeline
A2: Process Step | B2: Manual (min) | C2: Auto (min) | D2: Reduction (%) | E2: Notes
A3: Image/PDF preprocessing & OCR | B3: 5 | C3: 0.1 | D3: =1-C3/B3 | E3: PDF parser + easyocr; batch image processing
A4: Property extraction (LLM) | B4: 8 | C4: 0.3 | D4: =1-C4/B4 | E4: Ollama local LLM; single call per device
A5: Semantic matching (embedding) | B5: 10 | C5: 1.2 | D5: =1-C5/B5 | E5: nomic-embed-text cosine sim; skip_llm=True
A6: Submodel classification & AAS mapping | B6: 7 | C6: 0.2 | D6: =1-C6/B6 | E6: Sentence-transformers + template matcher
A7: AAS JSON generation & validation | B7: 5 | C7: 0.1 | D7: =1-C7/B7 | E7: Code-based; no LLM call
A8: Total (end-to-end) | B8: 35 | C8: 1.9 | D8: =1-C8/B8 | E8: Avg. across 3 test devices
A10: * Manual time: average from expert engineer survey (n=3 engineers) for a 10-property industrial robot asset

Sheet Submodel Classification
A1: Submodel Classification Accuracy — IDTA Standard Compliance
A2: Device | B2: Total Props | C2: DigitalNameplate | D2: TechnicalData | E2: Correct | F2: Accuracy | G2: Compliance
A3: OMY-Pro | B3: 9 | C3: 2 | D3: 7 | E3: 9 | F3: =E3/B3 | G3: IDTA Compliant
A4: ROBOTIS Hand | B4: 4 | C4: 2 | D4: 2 | E4: 4 | F4: =E4/B4 | G4: IDTA Compliant
A5: OMX | B5: 8 | C5: 1 | D5: 7 | E5: 8 | F5: =E5/B5 | G5: IDTA Compliant
A6: Average | F6: =AVERAGE(F3:F5)

Sheet Summary Dashboard
A1: AAS Auto-Generation Pipeline — Evaluation Summary
A3: Key Performance Indicators
A4: Metric | B4: OMY-Pro | C4: ROBOTIS Hand | D4: OMX | E4: Average | F4: Target | G4: Status
A5: Property Name F1 Score | B5: ='Property Extraction'!J3 | C5: ='Property Extraction'!J4 | D5: ='Property Extraction'!J5 | E5: ='Property Extraction'!J6 | F5: 0.8 | G5: =IF(E5>=F5,"Met","Below")
A6: Value Accuracy | B6: ='Property Extraction'!L3 | C6: ='Property Extraction'!L4 | D6: ='Property Extraction'!L5 | E6: ='Property Extraction'!L6 | F6: 0.7 | G6: =IF(E6>=F6,"Met","Below")
A7: Submodel Classification Accuracy | B7: ='Submodel Classification'!F3 | C7: ='Submodel Classification'!F4 | D7: ='Submodel Classification'!F5 | E7: ='Submodel Classification'!F6 | F7: 1 | G7: =IF(E7>=F7,"Met","Below")
A8: Total Processing Time (min) | B8: 1.9 | C8: 0.8 | D8: 2.1 | E8: =AVERAGE(B8:D8) | F8: -- | G8: --
A9: Manual Baseline (min) | B9: 35 | C9: 35 | D9: 35 | E9: 35 | F9: -- | G9: Baseline
A10: Time Reduction | B10: =1-B8/B9 | C10: =1-C8/C9 | D10: =1-D8/D9 | E10: =AVERAGE(B10:D10) | F10: 0.9 | G10: =IF(E10>=F10,"Met","Below")
A12: Key Findings
A13: 1. F1 Score (Name): avg. 0.930 across 3 devices — exceeds 0.80 target. Property identification robust across device types.
A14: 2. Submodel Classification: 100% accuracy — all properties placed in correct IDTA-standard submodel (DigitalNameplate / TechnicalData).
A15: 3. Processing Time: 94.6% reduction vs. manual expert (avg. 1.9 min vs. 35 min end-to-end per device).
A16: 4. Value Accuracy: strongly correlated with input quality — PDF input yields ~89%, noisy screenshot ~37%.
A17: 5. Generalizability: same pipeline, unmodified, processed 3 structurally different robots (6-DOF arm, gripper, 5-DOF arm).
A18: 6. Limitation: OCR quality is the primary source of value extraction errors; structured PDF input significantly outperforms screenshots.
